Title,Company,Location,Description
Python Selenium Testing,N/A,N/A,"Hands-on experience in developing Test Automation suite using Java, Cucumber & selenium..."
Automation Engineer,N/A,N/A,"Familiarity with BDD frameworks (Cucumber, SpecFlow, Behave). . Test automation certifi..."
QA Engineer,N/A,N/A,"Qualifications: . Bachelors degree in Computer Science, Information Technology, or a re..."
Automation Testing Engineer,N/A,N/A,"Design and implement automated tests for web and mobile applications using Selenium,..."
Test Engineer,N/A,N/A,Experience testing SaaS or complex web applications 2+ years experience in automated te...
Automation Engineer,N/A,N/A,Preferred Location -. Having all previous companies documents Offer Letter / Reliving l...
API Test Automation Engineer ( Postman / REST Assured ),N/A,N/A,"Develop, execute, and maintain API test suites using Postman or REST Assured; validate ..."
Test Engineer,N/A,N/A,Role & responsibilities Preferred candidate profile
Adobe Workflow Automation Engineer,N/A,N/A,"Adobe certifications in Workfront Fusion, AEM, or Adobe Experience CloudRequired Skills..."
QA Engineer,N/A,N/A,"Experience using test case management tools like Testlink, TestRail, XRay, or TCM Exper..."
